,wrist_accel_magnitude,ankle_accel_magnitude,ecg_value,orientation
wrist_accel_magnitude,1.0,0.456051498712066,-0.10986560049751495,-0.05337743368776727
ankle_accel_magnitude,0.456051498712066,1.0,0.10429199518164772,-0.06917231962778052
ecg_value,-0.10986560049751495,0.10429199518164772,1.0,0.10931828415238451
orientation,-0.05337743368776727,-0.06917231962778052,0.10931828415238451,1.0
