,wrist_accel_magnitude,ankle_accel_magnitude,ecg_value,orientation
wrist_accel_magnitude,1.0,0.4159909685604923,-0.022145938962911057,-0.0059192533732375634
ankle_accel_magnitude,0.4159909685604923,1.0,0.03188606654782958,-0.02768326499003596
ecg_value,-0.022145938962911057,0.03188606654782958,1.0,0.32966028954502374
orientation,-0.0059192533732375634,-0.02768326499003596,0.32966028954502374,1.0
