,wrist_accel_magnitude,ankle_accel_magnitude,ecg_value,orientation
wrist_accel_magnitude,1.0,0.07833423169652785,-0.12025507350270827,0.08155480776394902
ankle_accel_magnitude,0.07833423169652785,1.0,-0.011221435384104953,0.010998382522007312
ecg_value,-0.12025507350270827,-0.011221435384104953,1.0,-0.6080810509091183
orientation,0.08155480776394902,0.010998382522007312,-0.6080810509091183,1.0
