,wrist_accel_magnitude,ankle_accel_magnitude,ecg_value,orientation
wrist_accel_magnitude,1.0,0.3898679647884033,-0.06524899681389759,-0.028428720077467717
ankle_accel_magnitude,0.3898679647884033,1.0,0.03512401057619903,-0.0062295900482374714
ecg_value,-0.06524899681389759,0.03512401057619903,1.0,0.24179583436529534
orientation,-0.028428720077467717,-0.0062295900482374714,0.24179583436529534,1.0
