,wrist_accel_magnitude,ankle_accel_magnitude,ecg_value,orientation
wrist_accel_magnitude,1.0,0.2714375458171678,-0.1440976132463781,-0.12174836554120973
ankle_accel_magnitude,0.2714375458171678,1.0,0.0009365497489807329,-0.0038393760495128585
ecg_value,-0.1440976132463781,0.0009365497489807329,1.0,0.3420306943348052
orientation,-0.12174836554120973,-0.0038393760495128585,0.3420306943348052,1.0
