,wrist_accel_magnitude,ankle_accel_magnitude,ecg_value,orientation
wrist_accel_magnitude,1.0,0.23267343769650298,-0.22291115846407256,-0.06424929548050846
ankle_accel_magnitude,0.23267343769650298,1.0,0.31844363926956337,0.08659764655811732
ecg_value,-0.22291115846407256,0.31844363926956337,1.0,0.12135649053039475
orientation,-0.06424929548050846,0.08659764655811732,0.12135649053039475,1.0
