,wrist_accel_magnitude,ankle_accel_magnitude,ecg_value,orientation
wrist_accel_magnitude,1.0,0.2696664660525106,-0.06996285321500409,-0.16998690693800161
ankle_accel_magnitude,0.2696664660525106,1.0,-0.6666561747628174,-0.3346187351301684
ecg_value,-0.06996285321500409,-0.6666561747628174,1.0,0.28749594508454834
orientation,-0.16998690693800161,-0.3346187351301684,0.28749594508454834,1.0
