,wrist_accel_magnitude,ankle_accel_magnitude,ecg_value,orientation
wrist_accel_magnitude,1.0,-0.055428123500254584,0.017519866102429515,0.002608265822351395
ankle_accel_magnitude,-0.055428123500254584,1.0,-0.2181495850989534,0.11648004115375868
ecg_value,0.017519866102429515,-0.2181495850989534,1.0,-0.29068688542609245
orientation,0.002608265822351395,0.11648004115375868,-0.29068688542609245,1.0
