,wrist_accel_magnitude,ankle_accel_magnitude,ecg_value,orientation
wrist_accel_magnitude,1.0,-0.04665459425595718,0.08516321500195029,0.006319198696611439
ankle_accel_magnitude,-0.04665459425595718,1.0,0.03106905132930009,-0.003016194338320349
ecg_value,0.08516321500195029,0.03106905132930009,1.0,0.012456573050590952
orientation,0.006319198696611439,-0.003016194338320349,0.012456573050590952,1.0
