,wrist_accel_magnitude,ankle_accel_magnitude,ecg_value,orientation
wrist_accel_magnitude,1.0,0.004333325079839534,0.04018012310862919,0.038102287275744655
ankle_accel_magnitude,0.004333325079839534,1.0,-0.019629257113083987,0.027997140085611386
ecg_value,0.04018012310862919,-0.019629257113083987,1.0,-0.020384569345616818
orientation,0.038102287275744655,0.027997140085611386,-0.020384569345616818,1.0
